<?xml version="1.0" encoding="UTF-8"?>
<beans xmlns:xsi="http://www.w3.org/2001/XMLSchema-instance"
	xmlns="http://www.springframework.org/schema/beans"
	xmlns:mvc="http://www.springframework.org/schema/mvc"
	xmlns:context="http://www.springframework.org/schema/context"
	xmlns:tx="http://www.springframework.org/schema/tx"
	xsi:schemaLocation="http://www.springframework.org/schema/mvc http://www.springframework.org/schema/mvc/spring-mvc.xsd
	http://www.springframework.org/schema/beans http://www.springframework.org/schema/beans/spring-beans.xsd
	http://www.springframework.org/schema/context http://www.springframework.org/schema/context/spring-context.xsd
	http://www.springframework.org/schema/tx http://www.springframework.org/schema/tx/spring-tx.xsd">

	<context:component-scan base-package="com.demo" />

	<bean
		class="org.springframework.web.servlet.view.InternalResourceViewResolver">
		<property name="prefix">
			<value>/views/</value>
		</property>
		<property name="suffix">
			<value>.jsp</value>
		</property>
		
	</bean>
 	<bean id = "webSecurityExpressionHandler" class = "org.springframework.security.web.access.expression.DefaultWebSecurityExpressionHandler" />     
 	
 	<mvc:resources mapping="resource/**" location="/resources/" />
 	<mvc:annotation-driven/>
 	
	<bean id="dataSource" class="org.springframework.jdbc.datasource.DriverManagerDataSource">
		<property name="driverClassName" value="com.mysql.jdbc.Driver" />
		<property name="url" value="jdbc:mysql://localhost:3306/shopthucung?characterEncoding=UTF-8" />
		<property name="username" value="thuann"></property>    
		<property name="password" value="thuan123456"></property> 
	</bean>	

	<bean id="jdbcTemplate" class="org.springframework.jdbc.core.JdbcTemplate">
		<property name="dataSource" ref="dataSource"/>
	</bean>
	<bean id="categoryDao" class="com.demo.model.dao.CategoryDaoImp">
		<property name="template" ref="jdbcTemplate"></property>
	</bean>  
	<bean id="productDao" class="com.demo.model.dao.ProductDaoImp">
		<property name="template" ref="jdbcTemplate"></property>
	</bean> 
	<bean id="detailDao" class="com.demo.model.dao.DetailDaoImp">
		<property name="template" ref="jdbcTemplate"></property>
	</bean> 
	<bean id="userDao" class="com.demo.model.dao.UserDaoImp">
		<property name="template" ref="jdbcTemplate"></property>
	</bean> 
	<bean id="promotionDao" class="com.demo.model.dao.PromotionDaoImp">
		<property name="template" ref="jdbcTemplate"></property>
	</bean> 
	<bean id="promotion_ProductDao" class="com.demo.model.dao.Promotion_ProductDaoImp">
		<property name="template" ref="jdbcTemplate"></property>
	</bean> 
	<bean id="promotionProductDao" class="com.demo.model.dao.PromotionProductDaoImp">
		<property name="template" ref="jdbcTemplate"></property>
	</bean> 
	<bean id="users_RolesDao" class="com.demo.model.dao.Users_RolesDaoImp">
		<property name="template" ref="jdbcTemplate"></property>
	</bean> 
	<bean id="promotionOfTypeDao" class="com.demo.model.dao.PromotionOfTypeDaoImp">
		<property name="template" ref="jdbcTemplate"></property>
	</bean> 
	<bean id="serviceDao" class="com.demo.model.dao.ServiceDaoImp">
		<property name="template" ref="jdbcTemplate"></property>
	</bean>  
	<bean id="oderDao" class="com.demo.model.dao.OderDaoImp">
		<property name="template" ref="jdbcTemplate"></property>
	</bean>  
	<bean id="oderDetailDao" class="com.demo.model.dao.OderDetailDaoImp">
		<property name="template" ref="jdbcTemplate"></property>
	</bean> 
</beans>